{"DE456DF":{"brand":"Tesla","km_to_service":1440,"location":"Outer","lp":"DE456DF","name":"Model X","owner":"null","total_km":60,"type":"DELUXE"},"ECO34534DF":{"brand":"Volswagen","km_to_service":10,"location":"Inner","lp":"ECO34534DF","name":"UP","owner":"null","total_km":1745,"type":"ECO"},"FG4595FT":{"brand":"Volswagen","km_to_service":1500,"location":"Outer","lp":"FG4595FT","name":"Golf-GTX","owner":"null","total_km":25,"type":"DELUXE"},"MD34523DF":{"brand":"Audi","km_to_service":1500,"location":"Inner","lp":"MD34523DF","name":"Q3","owner":"null","total_km":0,"type":"MID-CLASS"}}