{"DE456DF":{"brand":"Tesla","km_to_service":1480,"location":"Inner","lp":"DE456DF","name":"Model X","owner":"ABCD234X","total_km":95,"type":"DELUXE"},"ECO34534DF":{"brand":"Volswagen","km_to_service":1500,"location":"Middle","lp":"ECO34534DF","name":"UP","owner":"null","total_km":1780,"type":"ECO"},"FG4595FT":{"brand":"Volswagen","km_to_service":1300,"location":"Inner","lp":"FG4595FT","name":"Golf-GTX","owner":"null","total_km":225,"type":"DELUXE"},"MD34523DF":{"brand":"Audi","km_to_service":1500,"location":"Inner","lp":"MD34523DF","name":"Q3","owner":"null","total_km":0,"type":"MID-CLASS"}}