{"ABCD234X":{"address":"via verdi 23","creditCard":"123 345 345 562","drivingLicense":"ABCD234X","name":"Mario","surname":"Rossi"},"DC235453XS":{"address":"Via cantonale 23","creditCard":"234434 54434254 234234","drivingLicense":"DC235453XS","name":"Marco","surname":"Bernasconi"},"DF3454DC":{"address":"Via roma 23","creditCard":"3244 234234 234","drivingLicense":"DF3454DC","name":"Chiara","surname":"Rossi"},"DFVV234FDJF":{"address":"Via rossi 23","creditCard":"1251 510651 3545150 51051","drivingLicense":"DFVV234FDJF","name":"Giuseppe","surname":"Verdi"},"FCV234DC":{"address":"Pz riforma 23","creditCard":"2343 2344234 234234","drivingLicense":"FCV234DC","name":"Matteo","surname":"Rosetti"},"FDF34354FC":{"address":"Via re 32","creditCard":"234423 43543 5345\\","drivingLicense":"FDF34354FC","name":"Pino","surname":"Verdi"}}